{
    "epoch": 5,
    "logs": {
        "loss": 0.6729177832603455,
        "accuracy": 0.19073276221752167,
        "weighted_accuracy": 0.4296116530895233,
        "val_loss": 0.7019497752189636,
        "val_accuracy": 0.216379314661026,
        "val_weighted_accuracy": 0.45802921056747437
    },
    "time": "2024-06-06 04:18:14",
    "model_architecture": "define_gru_model"
}