{
    "epoch": 5,
    "logs": {
        "loss": 0.6378040313720703,
        "accuracy": 0.2068965584039688,
        "weighted_accuracy": 0.4660194218158722,
        "val_loss": 0.6827130317687988,
        "val_accuracy": 0.22155173122882843,
        "val_weighted_accuracy": 0.4689781069755554
    },
    "time": "2024-06-06 04:41:36",
    "model_architecture": "define_gru_model"
}