{
    "epoch": 5,
    "logs": {
        "loss": 0.6174030303955078,
        "accuracy": 0.20765085518360138,
        "weighted_accuracy": 0.4677184522151947,
        "val_loss": 0.6632257103919983,
        "val_accuracy": 0.2306034415960312,
        "val_weighted_accuracy": 0.48813867568969727
    },
    "time": "2024-06-06 04:41:35",
    "model_architecture": "define_gru_model"
}