{
    "epoch": 1,
    "logs": {
        "loss": 0.8844245672225952,
        "accuracy": 0.1009698286652565,
        "weighted_accuracy": 0.22014562785625458,
        "val_loss": 0.8446406126022339,
        "val_accuracy": 0.15344826877117157,
        "val_weighted_accuracy": 0.3248175084590912
    },
    "time": "20240606035649",
    "model_architecture": "define_gpt_model",
    "batch_size": 42,
    "epochs": 1,
    "learning_rate": 0.006528336627053233,
    "embedding_dim": 129,
    "gru_units": null,
    "dropout_rate": 0.2418341683847586,
    "recurrent_dropout_rate": null,
    "num_layers": null
}