{
    "epoch": 1,
    "logs": {
        "loss": 0.8697287440299988,
        "accuracy": 0.11368534713983536,
        "weighted_accuracy": 0.2560679614543915,
        "val_loss": 0.8363519906997681,
        "val_accuracy": 0.14741379022598267,
        "val_weighted_accuracy": 0.31204378604888916
    },
    "time": "2024-06-06 02:58:46",
    "model_architecture": "define_gpt_model"
}