{
    "epoch": 3,
    "logs": {
        "loss": 0.7461750507354736,
        "accuracy": 0.15334051847457886,
        "weighted_accuracy": 0.34538835287094116,
        "val_loss": 0.7794209718704224,
        "val_accuracy": 0.17499999701976776,
        "val_weighted_accuracy": 0.37043794989585876
    },
    "time": "2024-06-06 02:59:13",
    "model_architecture": "define_gpt_model"
}