{
    "epoch": 2,
    "logs": {
        "loss": 0.7716175317764282,
        "accuracy": 0.14946120977401733,
        "weighted_accuracy": 0.3366504907608032,
        "val_loss": 0.8031319379806519,
        "val_accuracy": 0.16853448748588562,
        "val_weighted_accuracy": 0.35675182938575745
    },
    "time": "2024-06-06 02:59:00",
    "model_architecture": "define_gpt_model"
}