{
    "epoch": 1,
    "logs": {
        "loss": 1.5771827697753906,
        "accuracy": 0.3885325491428375,
        "val_loss": 1.5781368017196655,
        "val_accuracy": 0.389799565076828
    },
    "time": "2024-06-04 04:37:15",
    "model_architecture": "define_gru_model"
}