{
    "epoch": 8,
    "logs": {
        "loss": 0.8188803791999817,
        "accuracy": 0.1357758641242981,
        "weighted_accuracy": 0.30582523345947266,
        "val_loss": 0.8705132603645325,
        "val_accuracy": 0.15086206793785095,
        "val_weighted_accuracy": 0.31934306025505066
    },
    "time": "2024-06-06 02:58:30",
    "model_architecture": "define_gpt_model"
}