{
    "epoch": 2,
    "logs": {
        "loss": 0.9248328804969788,
        "accuracy": 0.07758620381355286,
        "weighted_accuracy": 0.17475728690624237,
        "val_loss": 0.9519622921943665,
        "val_accuracy": 0.10560344904661179,
        "val_weighted_accuracy": 0.22354014217853546
    },
    "time": "2024-06-06 02:58:13",
    "model_architecture": "define_gpt_model"
}