{
    "epoch": 4,
    "logs": {
        "loss": 0.8563458323478699,
        "accuracy": 0.11594827473163605,
        "weighted_accuracy": 0.261165052652359,
        "val_loss": 0.9046756029129028,
        "val_accuracy": 0.1344827562570572,
        "val_weighted_accuracy": 0.2846715450286865
    },
    "time": "2024-06-06 02:58:19",
    "model_architecture": "define_gpt_model"
}