{
    "epoch": 5,
    "logs": {
        "loss": 0.8424358367919922,
        "accuracy": 0.12219827622175217,
        "weighted_accuracy": 0.27524271607398987,
        "val_loss": 0.8926672339439392,
        "val_accuracy": 0.13750000298023224,
        "val_weighted_accuracy": 0.29105839133262634
    },
    "time": "2024-06-06 02:58:22",
    "model_architecture": "define_gpt_model"
}