{
    "epoch": 6,
    "logs": {
        "loss": 0.8323118686676025,
        "accuracy": 0.12834051251411438,
        "weighted_accuracy": 0.28907766938209534,
        "val_loss": 0.8837311863899231,
        "val_accuracy": 0.14267241954803467,
        "val_weighted_accuracy": 0.3020072877407074
    },
    "time": "2024-06-06 02:58:24",
    "model_architecture": "define_gpt_model"
}