{
    "epoch": 1,
    "logs": {
        "loss": 0.8905574679374695,
        "accuracy": 0.10161638259887695,
        "weighted_accuracy": 0.22888348996639252,
        "val_loss": 0.8367051482200623,
        "val_accuracy": 0.1599137932062149,
        "val_weighted_accuracy": 0.3385036587715149
    },
    "time": "20240606034709",
    "model_architecture": "define_gpt_model",
    "batch_size": 32,
    "epochs": 1,
    "learning_rate": 0.008194049545525111,
    "embedding_dim": 124,
    "num_heads": 7,
    "ffn_units": 145,
    "dropout_rate": 0.22724034628264297
}