{
    "epoch": 5,
    "logs": {
        "loss": 0.7353271245956421,
        "accuracy": 0.20140086114406586,
        "weighted_accuracy": 0.45364078879356384,
        "val_loss": 0.7711672782897949,
        "val_accuracy": 0.2068965584039688,
        "val_weighted_accuracy": 0.43795621395111084
    },
    "time": "2024-06-06 03:54:15",
    "model_architecture": "define_lstm_model"
}