{
    "epoch": 1,
    "logs": {
        "loss": 0.820866048336029,
        "accuracy": 0.12532328069210052,
        "weighted_accuracy": 0.2822815477848053,
        "val_loss": 0.7493171691894531,
        "val_accuracy": 0.15603448450565338,
        "val_weighted_accuracy": 0.3302919566631317
    },
    "time": "20240606043914",
    "model_architecture": "define_gpt_model",
    "batch_size": 58,
    "epochs": 1,
    "learning_rate": 0.002593100116229507,
    "embedding_dim": 151,
    "gru_units": null,
    "dropout_rate": 0.27436969164200686,
    "recurrent_dropout_rate": null,
    "num_layers": null
}