{
    "epoch": 1,
    "logs": {
        "loss": 0.8928906917572021,
        "accuracy": 0.09148707240819931,
        "weighted_accuracy": 0.20606796443462372,
        "val_loss": 0.8893994688987732,
        "val_accuracy": 0.11120689660310745,
        "val_weighted_accuracy": 0.2354014664888382
    },
    "time": "20240606040837",
    "model_architecture": "define_gpt_model",
    "batch_size": 41,
    "epochs": 1,
    "learning_rate": 0.0067953013017283586,
    "embedding_dim": 130,
    "gru_units": null,
    "dropout_rate": 0.21442633738983188,
    "recurrent_dropout_rate": null,
    "num_layers": null
}