{
    "epoch": 9,
    "logs": {
        "loss": 0.6948594450950623,
        "accuracy": 0.20107758045196533,
        "weighted_accuracy": 0.4529126286506653,
        "val_loss": 0.7292343378067017,
        "val_accuracy": 0.2150862067937851,
        "val_weighted_accuracy": 0.4552919566631317
    },
    "time": "2024-06-06 03:06:02",
    "model_architecture": "define_gru_model"
}