{
    "epoch": 7,
    "logs": {
        "loss": 0.7394514083862305,
        "accuracy": 0.19062499701976776,
        "weighted_accuracy": 0.4293689429759979,
        "val_loss": 0.7810377478599548,
        "val_accuracy": 0.2008620649576187,
        "val_weighted_accuracy": 0.4251824915409088
    },
    "time": "2024-06-06 03:05:44",
    "model_architecture": "define_gru_model"
}