{
    "epoch": 5,
    "logs": {
        "loss": 0.7911971807479858,
        "accuracy": 0.1768319010734558,
        "weighted_accuracy": 0.39830097556114197,
        "val_loss": 0.8200214505195618,
        "val_accuracy": 0.19439655542373657,
        "val_weighted_accuracy": 0.4114963412284851
    },
    "time": "2024-06-06 03:05:26",
    "model_architecture": "define_gru_model"
}