{
    "epoch": 2,
    "logs": {
        "loss": 0.9870628714561462,
        "accuracy": 0.1524784415960312,
        "weighted_accuracy": 0.34344661235809326,
        "val_loss": 1.0009132623672485,
        "val_accuracy": 0.15948276221752167,
        "val_weighted_accuracy": 0.3375912308692932
    },
    "time": "2024-06-06 03:04:58",
    "model_architecture": "define_gru_model"
}