{
    "epoch": 10,
    "logs": {
        "loss": 0.6753644943237305,
        "accuracy": 0.20344828069210052,
        "weighted_accuracy": 0.4582524299621582,
        "val_loss": 0.7136340141296387,
        "val_accuracy": 0.21853448450565338,
        "val_weighted_accuracy": 0.4625912308692932
    },
    "time": "2024-06-06 03:06:11",
    "model_architecture": "define_gru_model"
}