{
    "epoch": 1,
    "logs": {
        "loss": 1.130807876586914,
        "accuracy": 0.11713361740112305,
        "weighted_accuracy": 0.2635922431945801,
        "val_loss": 1.0849204063415527,
        "val_accuracy": 0.13405172526836395,
        "val_weighted_accuracy": 0.28375911712646484
    },
    "time": "2024-06-06 03:04:49",
    "model_architecture": "define_gru_model"
}