{
    "epoch": 1,
    "logs": {
        "loss": 0.844060480594635,
        "accuracy": 0.11627155542373657,
        "weighted_accuracy": 0.26189321279525757,
        "val_loss": 0.8301500082015991,
        "val_accuracy": 0.1383620649576187,
        "val_weighted_accuracy": 0.2928832173347473
    },
    "time": "20240606043421",
    "model_architecture": "define_gpt_model",
    "batch_size": 48,
    "epochs": 1,
    "learning_rate": 0.003971759861965268,
    "embedding_dim": 141,
    "gru_units": null,
    "dropout_rate": 0.26395027966615864,
    "recurrent_dropout_rate": null,
    "num_layers": null
}