{
    "epoch": 1,
    "logs": {
        "loss": 0.9158337712287903,
        "accuracy": 0.07015085965394974,
        "weighted_accuracy": 0.15800970792770386,
        "val_loss": 0.9355365633964539,
        "val_accuracy": 0.108189657330513,
        "val_weighted_accuracy": 0.22901460528373718
    },
    "time": "20240606033902",
    "model_architecture": "define_gpt_model",
    "batch_size": 32,
    "epochs": 1,
    "learning_rate": 0.009779155890821494,
    "embedding_dim": 122,
    "gru_units": null,
    "dropout_rate": 0.22313017955732112,
    "recurrent_dropout_rate": null,
    "num_layers": null
}