{
    "epoch": 1,
    "logs": {
        "loss": 0.8590853214263916,
        "accuracy": 0.10905172675848007,
        "weighted_accuracy": 0.24563106894493103,
        "val_loss": 0.8404988646507263,
        "val_accuracy": 0.15431034564971924,
        "val_weighted_accuracy": 0.32664233446121216
    },
    "time": "20240606043334",
    "model_architecture": "define_gpt_model",
    "batch_size": 44,
    "epochs": 1,
    "learning_rate": 0.004230740733332884,
    "embedding_dim": 132,
    "gru_units": null,
    "dropout_rate": 0.24025811399745578,
    "recurrent_dropout_rate": null,
    "num_layers": null
}