{
    "epoch": 4,
    "logs": {
        "loss": 0.8128598928451538,
        "accuracy": 0.11368534713983536,
        "weighted_accuracy": 0.2560679614543915,
        "val_loss": 0.8585397601127625,
        "val_accuracy": 0.11810344457626343,
        "val_weighted_accuracy": 0.25
    },
    "time": "2024-06-06 02:59:46",
    "model_architecture": "define_gpt_model"
}