{
    "epoch": 1,
    "logs": {
        "loss": 1.0052944421768188,
        "accuracy": 0.08566810190677643,
        "weighted_accuracy": 0.1929611712694168,
        "val_loss": 0.9237176179885864,
        "val_accuracy": 0.08836206793785095,
        "val_weighted_accuracy": 0.18704380095005035
    },
    "time": "2024-06-06 02:59:32",
    "model_architecture": "define_gpt_model"
}