{
    "epoch": 3,
    "logs": {
        "loss": 0.8262349367141724,
        "accuracy": 0.10495689511299133,
        "weighted_accuracy": 0.23640777170658112,
        "val_loss": 0.8665713667869568,
        "val_accuracy": 0.13017241656780243,
        "val_weighted_accuracy": 0.27554744482040405
    },
    "time": "2024-06-06 02:59:42",
    "model_architecture": "define_gpt_model"
}