{
    "epoch": 7,
    "logs": {
        "loss": 0.7556043267250061,
        "accuracy": 0.12047413736581802,
        "weighted_accuracy": 0.27135923504829407,
        "val_loss": 0.8043020963668823,
        "val_accuracy": 0.11767241358757019,
        "val_weighted_accuracy": 0.24908758699893951
    },
    "time": "2024-06-06 03:00:00",
    "model_architecture": "define_gpt_model"
}