{
    "epoch": 1,
    "logs": {
        "loss": 0.8384115099906921,
        "accuracy": 0.11745689809322357,
        "weighted_accuracy": 0.26456311345100403,
        "val_loss": 0.8200700283050537,
        "val_accuracy": 0.1284482777118683,
        "val_weighted_accuracy": 0.2718978226184845
    },
    "time": "20240606043408",
    "model_architecture": "define_gpt_model",
    "batch_size": 48,
    "epochs": 1,
    "learning_rate": 0.0037809948804462465,
    "embedding_dim": 141,
    "gru_units": null,
    "dropout_rate": 0.2609933809276709,
    "recurrent_dropout_rate": null,
    "num_layers": null
}