{
    "epoch": 8,
    "logs": {
        "loss": 1.5450323820114136,
        "accuracy": 0.3890691101551056,
        "val_loss": 1.5461584329605103,
        "val_accuracy": 0.3901073634624481
    },
    "time": "2024-06-04 06:02:26",
    "model_architecture": "define_gru_model"
}