{
    "epoch": 1,
    "logs": {
        "loss": 1.5796234607696533,
        "accuracy": 0.389011949300766,
        "val_loss": 1.5513486862182617,
        "val_accuracy": 0.3901073634624481
    },
    "time": "2024-06-04 05:54:36",
    "model_architecture": "define_gru_model"
}