{
    "epoch": 2,
    "logs": {
        "loss": 1.54634428024292,
        "accuracy": 0.3896830677986145,
        "val_loss": 1.5498780012130737,
        "val_accuracy": 0.38972896337509155
    },
    "time": "2024-06-04 05:55:41",
    "model_architecture": "define_gru_model"
}