{
    "epoch": 4,
    "logs": {
        "loss": 1.5447733402252197,
        "accuracy": 0.3895234167575836,
        "val_loss": 1.5450085401535034,
        "val_accuracy": 0.3892756402492523
    },
    "time": "2024-06-04 05:57:51",
    "model_architecture": "define_gru_model"
}