{
    "epoch": 1,
    "logs": {
        "loss": 0.8812748193740845,
        "accuracy": 0.10280172526836395,
        "weighted_accuracy": 0.23155339062213898,
        "val_loss": 0.8684110641479492,
        "val_accuracy": 0.10991379618644714,
        "val_weighted_accuracy": 0.23266422748565674
    },
    "time": "20240606034808",
    "model_architecture": "define_gpt_model",
    "batch_size": 32,
    "epochs": 1,
    "learning_rate": 0.00941897192931748,
    "embedding_dim": 123,
    "num_heads": 7,
    "ffn_units": 145,
    "dropout_rate": 0.23030002292393945
}