{
    "epoch": 5,
    "logs": {
        "loss": 0.5952817797660828,
        "accuracy": 0.2137930989265442,
        "weighted_accuracy": 0.48155340552330017,
        "val_loss": 0.6550614833831787,
        "val_accuracy": 0.2271551787853241,
        "val_weighted_accuracy": 0.48083940148353577
    },
    "time": "2024-06-06 03:06:53",
    "model_architecture": "define_gru_model"
}