{
    "epoch": 4,
    "logs": {
        "loss": 0.6142553091049194,
        "accuracy": 0.20635776221752167,
        "weighted_accuracy": 0.46480581164360046,
        "val_loss": 0.6709480285644531,
        "val_accuracy": 0.216379314661026,
        "val_weighted_accuracy": 0.45802921056747437
    },
    "time": "2024-06-06 03:06:45",
    "model_architecture": "define_gru_model"
}