{
    "epoch": 1,
    "logs": {
        "loss": 0.881376326084137,
        "accuracy": 0.11109913885593414,
        "weighted_accuracy": 0.2502427101135254,
        "val_loss": 0.8407896161079407,
        "val_accuracy": 0.14008620381355286,
        "val_weighted_accuracy": 0.29653283953666687
    },
    "time": "20240606035508",
    "model_architecture": "define_gpt_model",
    "batch_size": 40,
    "epochs": 1,
    "learning_rate": 0.006571413589597718,
    "embedding_dim": 127,
    "gru_units": null,
    "dropout_rate": 0.23866297116957697,
    "recurrent_dropout_rate": null,
    "num_layers": null
}