{
    "epoch": 6,
    "logs": {
        "loss": 0.8122473955154419,
        "accuracy": 0.09924568980932236,
        "weighted_accuracy": 0.2235436886548996,
        "val_loss": 0.8700412511825562,
        "val_accuracy": 0.09525862336158752,
        "val_weighted_accuracy": 0.20164233446121216
    },
    "time": "2024-06-06 02:57:02",
    "model_architecture": "define_gpt_model"
}