{
    "epoch": 5,
    "logs": {
        "loss": 0.8230320811271667,
        "accuracy": 0.09633620828390121,
        "weighted_accuracy": 0.21699029207229614,
        "val_loss": 0.866588830947876,
        "val_accuracy": 0.10948275774717331,
        "val_weighted_accuracy": 0.23175182938575745
    },
    "time": "2024-06-06 02:56:57",
    "model_architecture": "define_gpt_model"
}