{
    "epoch": 4,
    "logs": {
        "loss": 0.8324465751647949,
        "accuracy": 0.09245689958333969,
        "weighted_accuracy": 0.2082524299621582,
        "val_loss": 0.8835854530334473,
        "val_accuracy": 0.1034482792019844,
        "val_weighted_accuracy": 0.21897810697555542
    },
    "time": "2024-06-06 02:56:53",
    "model_architecture": "define_gpt_model"
}