{
    "epoch": 3,
    "logs": {
        "loss": 0.8412742018699646,
        "accuracy": 0.09148707240819931,
        "weighted_accuracy": 0.20606796443462372,
        "val_loss": 0.8861595392227173,
        "val_accuracy": 0.09870689362287521,
        "val_weighted_accuracy": 0.20894160866737366
    },
    "time": "2024-06-06 02:56:49",
    "model_architecture": "define_gpt_model"
}