{
    "epoch": 2,
    "logs": {
        "loss": 0.841054379940033,
        "accuracy": 0.09471982717514038,
        "weighted_accuracy": 0.21334952116012573,
        "val_loss": 0.90977942943573,
        "val_accuracy": 0.07586207240819931,
        "val_weighted_accuracy": 0.16058394312858582
    },
    "time": "2024-06-06 02:56:45",
    "model_architecture": "define_gpt_model"
}