{
    "epoch": 2,
    "logs": {
        "loss": 0.7935658693313599,
        "accuracy": 0.09482758492231369,
        "weighted_accuracy": 0.21359223127365112,
        "val_loss": 0.8327882885932922,
        "val_accuracy": 0.10258620977401733,
        "val_weighted_accuracy": 0.21715328097343445
    },
    "time": "2024-06-06 03:00:13",
    "model_architecture": "define_gpt_model"
}