{
    "epoch": 1,
    "logs": {
        "loss": 0.8727462887763977,
        "accuracy": 0.0804956927895546,
        "weighted_accuracy": 0.18131068348884583,
        "val_loss": 0.8673496246337891,
        "val_accuracy": 0.08189655095338821,
        "val_weighted_accuracy": 0.17335766553878784
    },
    "time": "2024-06-06 03:00:07",
    "model_architecture": "define_gpt_model"
}