{
    "epoch": 1,
    "logs": {
        "loss": 1.74604332447052,
        "accuracy": 0.06918103247880936,
        "weighted_accuracy": 0.15582524240016937,
        "val_loss": 0.9248783588409424,
        "val_accuracy": 0.08318965882062912,
        "val_weighted_accuracy": 0.1760948896408081
    },
    "time": "2024-06-06 02:59:27",
    "model_architecture": "define_gpt_model"
}