{
    "epoch": 2,
    "logs": {
        "loss": 0.8257004022598267,
        "accuracy": 0.1034482792019844,
        "weighted_accuracy": 0.2330097109079361,
        "val_loss": 0.8784655332565308,
        "val_accuracy": 0.0961206927895546,
        "val_weighted_accuracy": 0.20346716046333313
    },
    "time": "2024-06-06 03:01:11",
    "model_architecture": "define_gpt_model"
}