{
    "epoch": 2,
    "logs": {
        "loss": 0.8348376750946045,
        "accuracy": 0.1813577562570572,
        "weighted_accuracy": 0.408495157957077,
        "val_loss": 0.8045881986618042,
        "val_accuracy": 0.2137930989265442,
        "val_weighted_accuracy": 0.45255473256111145
    },
    "time": "2024-06-06 01:47:12",
    "model_architecture": "define_lstm_model"
}