{
    "epoch": 2,
    "logs": {
        "loss": 0.9562245011329651,
        "accuracy": 0.09933259338140488,
        "weighted_accuracy": 0.22731322050094604,
        "val_loss": 0.9144105315208435,
        "val_accuracy": 0.11179088056087494,
        "val_weighted_accuracy": 0.26009318232536316
    },
    "time": "2024-06-05 19:01:44",
    "model_architecture": "define_lstm_model"
}