{
    "epoch": 1,
    "logs": {
        "loss": 0.7185459136962891,
        "accuracy": 0.1977614015340805,
        "weighted_accuracy": 0.45252642035484314,
        "val_loss": 0.5919873714447021,
        "val_accuracy": 0.2220800817012787,
        "val_weighted_accuracy": 0.5103527903556824
    },
    "time": "2024-06-05 12:29:28",
    "model_architecture": "define_lstm_model"
}