{
    "epoch": 2,
    "logs": {
        "loss": 0.5769741535186768,
        "accuracy": 0.22184371948242188,
        "weighted_accuracy": 0.5076683163642883,
        "val_loss": 0.549881637096405,
        "val_accuracy": 0.2258620709180832,
        "val_weighted_accuracy": 0.5190439820289612
    },
    "time": "2024-06-05 12:56:34",
    "model_architecture": "define_lstm_model"
}