{
    "epoch": 1,
    "logs": {
        "loss": 1.045707106590271,
        "accuracy": 0.08029755204916,
        "weighted_accuracy": 0.1837533414363861,
        "val_loss": 0.9722761511802673,
        "val_accuracy": 0.08348164707422256,
        "val_weighted_accuracy": 0.19228798151016235
    },
    "time": "2024-06-06 00:47:15",
    "model_architecture": "define_lstm_model"
}