{
    "epoch": 6,
    "logs": {
        "loss": 0.5931702852249146,
        "accuracy": 0.21959121525287628,
        "weighted_accuracy": 0.5025137066841125,
        "val_loss": 0.5848538875579834,
        "val_accuracy": 0.21423804759979248,
        "val_weighted_accuracy": 0.4984472095966339
    },
    "time": "2024-06-05 18:55:56",
    "model_architecture": "define_lstm_model"
}