{
    "epoch": 1,
    "logs": {
        "loss": 0.600654125213623,
        "accuracy": 0.21589265763759613,
        "weighted_accuracy": 0.4940180778503418,
        "val_loss": 0.5424216985702515,
        "val_accuracy": 0.2237486094236374,
        "val_weighted_accuracy": 0.5205745100975037
    },
    "time": "2024-06-05 18:33:53",
    "model_architecture": "define_lstm_model"
}