{
    "epoch": 1,
    "logs": {
        "loss": 0.7139212489128113,
        "accuracy": 0.20279477536678314,
        "weighted_accuracy": 0.45397382974624634,
        "val_loss": 0.6163925528526306,
        "val_accuracy": 0.23058953881263733,
        "val_weighted_accuracy": 0.5165711641311646
    },
    "time": "2024-06-05 10:45:15",
    "model_architecture": "define_lstm_model"
}