{
    "epoch": 6,
    "logs": {
        "loss": 0.6698707342147827,
        "accuracy": 0.19265851378440857,
        "weighted_accuracy": 0.4356136918067932,
        "val_loss": 0.6779242753982544,
        "val_accuracy": 0.19788654148578644,
        "val_weighted_accuracy": 0.43936774134635925
    },
    "time": "2024-06-05 06:50:27",
    "model_architecture": "define_gru_model"
}