{
    "epoch": 5,
    "logs": {
        "loss": 0.5404582619667053,
        "accuracy": 0.22718298435211182,
        "weighted_accuracy": 0.5136758089065552,
        "val_loss": 0.5358262658119202,
        "val_accuracy": 0.23231367766857147,
        "val_weighted_accuracy": 0.5188819766044617
    },
    "time": "2024-06-05 06:15:10",
    "model_architecture": "define_gru_model"
}