{
    "epoch": 1,
    "logs": {
        "loss": 1.202852725982666,
        "accuracy": 0.09827586263418198,
        "weighted_accuracy": 0.2026699036359787,
        "val_loss": 1.2592207193374634,
        "val_accuracy": 0.15000000596046448,
        "val_weighted_accuracy": 0.3175182342529297
    },
    "time": "2024-06-06 02:03:08",
    "model_architecture": "define_gru_model"
}