{
    "epoch": 8,
    "logs": {
        "loss": 0.6288023591041565,
        "accuracy": 0.20269744098186493,
        "weighted_accuracy": 0.45831236243247986,
        "val_loss": 0.6290350556373596,
        "val_accuracy": 0.20995551347732544,
        "val_weighted_accuracy": 0.4684785306453705
    },
    "time": "2024-06-05 07:26:49",
    "model_architecture": "define_gru_model"
}