{
    "epoch": 7,
    "logs": {
        "loss": 0.5521782040596008,
        "accuracy": 0.22751668095588684,
        "weighted_accuracy": 0.5144303441047668,
        "val_loss": 0.5539191365242004,
        "val_accuracy": 0.23759733140468597,
        "val_weighted_accuracy": 0.5275376439094543
    },
    "time": "2024-06-05 06:57:46",
    "model_architecture": "define_gru_model"
}