{
    "epoch": 13,
    "logs": {
        "loss": 0.6872387528419495,
        "accuracy": 0.1939098984003067,
        "weighted_accuracy": 0.4384431540966034,
        "val_loss": 0.6878140568733215,
        "val_accuracy": 0.19944383203983307,
        "val_weighted_accuracy": 0.4454658329486847
    },
    "time": "2024-06-05 06:19:08",
    "model_architecture": "define_gru_model"
}