{
    "epoch": 6,
    "logs": {
        "loss": 0.523368239402771,
        "accuracy": 0.22636263072490692,
        "weighted_accuracy": 0.5180094242095947,
        "val_loss": 0.5153452754020691,
        "val_accuracy": 0.22747497260570526,
        "val_weighted_accuracy": 0.5227504968643188
    },
    "time": "2024-06-05 17:55:29",
    "model_architecture": "define_gru_model"
}