{
    "epoch": 6,
    "logs": {
        "loss": 0.5577318668365479,
        "accuracy": 0.2259594053030014,
        "weighted_accuracy": 0.5109091997146606,
        "val_loss": 0.5560253262519836,
        "val_accuracy": 0.2352057844400406,
        "val_weighted_accuracy": 0.5222277045249939
    },
    "time": "2024-06-05 06:55:45",
    "model_architecture": "define_gru_model"
}