{
    "epoch": 12,
    "logs": {
        "loss": 1.0413731336593628,
        "accuracy": 0.15834259986877441,
        "weighted_accuracy": 0.35802313685417175,
        "val_loss": 1.047125220298767,
        "val_accuracy": 0.16701890528202057,
        "val_weighted_accuracy": 0.3726731240749359
    },
    "time": "2024-06-05 07:27:15",
    "model_architecture": "define_gru_model"
}