{
    "epoch": 1,
    "logs": {
        "loss": 1.199852466583252,
        "accuracy": 0.12331757694482803,
        "weighted_accuracy": 0.16681337356567383,
        "val_loss": 1.2095298767089844,
        "val_accuracy": 0.09082313627004623,
        "val_weighted_accuracy": 0.20265574753284454
    },
    "time": "2024-06-05 07:16:10",
    "model_architecture": "define_gru_model"
}