{
    "epoch": 2,
    "logs": {
        "loss": 0.6888588666915894,
        "accuracy": 0.19417408108711243,
        "weighted_accuracy": 0.43904048204421997,
        "val_loss": 0.6708654165267944,
        "val_accuracy": 0.1990545094013214,
        "val_weighted_accuracy": 0.4445962607860565
    },
    "time": "2024-06-05 06:09:11",
    "model_architecture": "define_gru_model"
}