{
    "epoch": 9,
    "logs": {
        "loss": 0.503005862236023,
        "accuracy": 0.2371106743812561,
        "weighted_accuracy": 0.5361229777336121,
        "val_loss": 0.5154062509536743,
        "val_accuracy": 0.2412680685520172,
        "val_weighted_accuracy": 0.5383470058441162
    },
    "time": "2024-06-05 07:25:30",
    "model_architecture": "define_gru_model"
}