{
    "epoch": 11,
    "logs": {
        "loss": 0.49899667501449585,
        "accuracy": 0.23826473951339722,
        "weighted_accuracy": 0.5387324094772339,
        "val_loss": 0.5150947570800781,
        "val_accuracy": 0.23865406215190887,
        "val_weighted_accuracy": 0.5325142741203308
    },
    "time": "2024-06-05 07:28:17",
    "model_architecture": "define_gru_model"
}