{
    "epoch": 10,
    "logs": {
        "loss": 1.070212721824646,
        "accuracy": 0.12818409502506256,
        "weighted_accuracy": 0.28983274102211,
        "val_loss": 1.0703870058059692,
        "val_accuracy": 0.13559511303901672,
        "val_weighted_accuracy": 0.30255645513534546
    },
    "time": "2024-06-05 07:25:16",
    "model_architecture": "define_gru_model"
}