{
    "epoch": 3,
    "logs": {
        "loss": 0.5959312319755554,
        "accuracy": 0.2215656340122223,
        "weighted_accuracy": 0.5009745955467224,
        "val_loss": 0.5876913666725159,
        "val_accuracy": 0.2284204661846161,
        "val_weighted_accuracy": 0.5071622729301453
    },
    "time": "2024-06-05 06:50:36",
    "model_architecture": "define_gru_model"
}