{
    "epoch": 6,
    "logs": {
        "loss": 0.5428099632263184,
        "accuracy": 0.22983871400356293,
        "weighted_accuracy": 0.5196805596351624,
        "val_loss": 0.5514980554580688,
        "val_accuracy": 0.22897663712501526,
        "val_weighted_accuracy": 0.5083971619606018
    },
    "time": "2024-06-05 06:57:33",
    "model_architecture": "define_gru_model"
}