{
    "epoch": 7,
    "logs": {
        "loss": 0.753713071346283,
        "accuracy": 0.18795883655548096,
        "weighted_accuracy": 0.42498743534088135,
        "val_loss": 0.7461127042770386,
        "val_accuracy": 0.1966073364019394,
        "val_weighted_accuracy": 0.43913042545318604
    },
    "time": "2024-06-05 06:12:21",
    "model_architecture": "define_gru_model"
}