{
    "epoch": 4,
    "logs": {
        "loss": 0.6143818497657776,
        "accuracy": 0.21533648669719696,
        "weighted_accuracy": 0.4868900775909424,
        "val_loss": 0.6071435809135437,
        "val_accuracy": 0.22369299829006195,
        "val_weighted_accuracy": 0.4966658353805542
    },
    "time": "2024-06-05 06:50:39",
    "model_architecture": "define_gru_model"
}