{
    "epoch": 14,
    "logs": {
        "loss": 0.6591903567314148,
        "accuracy": 0.19333982467651367,
        "weighted_accuracy": 0.4371541738510132,
        "val_loss": 0.67718905210495,
        "val_accuracy": 0.19505006074905396,
        "val_weighted_accuracy": 0.4330698847770691
    },
    "time": "2024-06-05 06:58:59",
    "model_architecture": "define_gru_model"
}