{
    "epoch": 5,
    "logs": {
        "loss": 0.5202284455299377,
        "accuracy": 0.232953280210495,
        "weighted_accuracy": 0.5267228484153748,
        "val_loss": 0.5325278043746948,
        "val_accuracy": 0.23592880368232727,
        "val_weighted_accuracy": 0.5264333486557007
    },
    "time": "2024-06-05 07:20:53",
    "model_architecture": "define_gru_model"
}