{
    "epoch": 9,
    "logs": {
        "loss": 0.5519776344299316,
        "accuracy": 0.22883759438991547,
        "weighted_accuracy": 0.5174170136451721,
        "val_loss": 0.5504900813102722,
        "val_accuracy": 0.2337041199207306,
        "val_weighted_accuracy": 0.5219875574111938
    },
    "time": "2024-06-05 06:23:52",
    "model_architecture": "define_gru_model"
}