{
    "epoch": 3,
    "logs": {
        "loss": 0.6101181507110596,
        "accuracy": 0.21016407012939453,
        "weighted_accuracy": 0.47519493103027344,
        "val_loss": 0.6220338344573975,
        "val_accuracy": 0.2184649556875229,
        "val_weighted_accuracy": 0.4850580394268036
    },
    "time": "2024-06-05 06:47:19",
    "model_architecture": "define_gru_model"
}