{
    "epoch": 12,
    "logs": {
        "loss": 0.6556707620620728,
        "accuracy": 0.19491101801395416,
        "weighted_accuracy": 0.440706729888916,
        "val_loss": 0.6780701279640198,
        "val_accuracy": 0.19110122323036194,
        "val_weighted_accuracy": 0.4243023097515106
    },
    "time": "2024-06-05 06:56:32",
    "model_architecture": "define_gru_model"
}