{
    "epoch": 9,
    "logs": {
        "loss": 0.5562982559204102,
        "accuracy": 0.2263070046901703,
        "weighted_accuracy": 0.511695146560669,
        "val_loss": 0.5531536340713501,
        "val_accuracy": 0.23381535708904266,
        "val_weighted_accuracy": 0.5191405415534973
    },
    "time": "2024-06-05 06:59:30",
    "model_architecture": "define_gru_model"
}