{
    "epoch": 9,
    "logs": {
        "loss": 0.6258573532104492,
        "accuracy": 0.20639599859714508,
        "weighted_accuracy": 0.4666750431060791,
        "val_loss": 0.6369389295578003,
        "val_accuracy": 0.20061178505420685,
        "val_weighted_accuracy": 0.4476296901702881
    },
    "time": "2024-06-05 07:28:06",
    "model_architecture": "define_gru_model"
}