{
    "epoch": 16,
    "logs": {
        "loss": 0.6596076488494873,
        "accuracy": 0.19327029585838318,
        "weighted_accuracy": 0.4369969964027405,
        "val_loss": 0.6755355596542358,
        "val_accuracy": 0.19838710129261017,
        "val_weighted_accuracy": 0.4404791295528412
    },
    "time": "2024-06-05 07:01:26",
    "model_architecture": "define_gru_model"
}