{
    "epoch": 7,
    "logs": {
        "loss": 0.536418616771698,
        "accuracy": 0.2309093475341797,
        "weighted_accuracy": 0.5221013426780701,
        "val_loss": 0.5459935665130615,
        "val_accuracy": 0.23231367766857147,
        "val_weighted_accuracy": 0.5158063769340515
    },
    "time": "2024-06-05 06:59:57",
    "model_architecture": "define_gru_model"
}