{
    "epoch": 14,
    "logs": {
        "loss": 0.49639004468917847,
        "accuracy": 0.23883481323719025,
        "weighted_accuracy": 0.5400213599205017,
        "val_loss": 0.519995391368866,
        "val_accuracy": 0.2388209104537964,
        "val_weighted_accuracy": 0.5328865647315979
    },
    "time": "2024-06-05 07:32:13",
    "model_architecture": "define_gru_model"
}