{
    "epoch": 7,
    "logs": {
        "loss": 0.6637777090072632,
        "accuracy": 0.19352057576179504,
        "weighted_accuracy": 0.43756288290023804,
        "val_loss": 0.6696798801422119,
        "val_accuracy": 0.19638487696647644,
        "val_weighted_accuracy": 0.43603357672691345
    },
    "time": "2024-06-05 06:51:24",
    "model_architecture": "define_gru_model"
}