{
    "epoch": 5,
    "logs": {
        "loss": 0.5276274681091309,
        "accuracy": 0.2258620709180832,
        "weighted_accuracy": 0.5168639421463013,
        "val_loss": 0.5171493887901306,
        "val_accuracy": 0.22836485505104065,
        "val_weighted_accuracy": 0.5247954726219177
    },
    "time": "2024-06-05 17:54:27",
    "model_architecture": "define_gru_model"
}