{
    "epoch": 6,
    "logs": {
        "loss": 0.6167531609535217,
        "accuracy": 0.21284760534763336,
        "weighted_accuracy": 0.48126256465911865,
        "val_loss": 0.6063920259475708,
        "val_accuracy": 0.22402669489383698,
        "val_weighted_accuracy": 0.5003726482391357
    },
    "time": "2024-06-05 06:17:05",
    "model_architecture": "define_gru_model"
}