{
    "epoch": 2,
    "logs": {
        "loss": 1.1847074031829834,
        "accuracy": 0.1670050024986267,
        "weighted_accuracy": 0.37760940194129944,
        "val_loss": 1.187340259552002,
        "val_accuracy": 0.17285872995853424,
        "val_weighted_accuracy": 0.38608697056770325
    },
    "time": "2024-06-05 06:09:36",
    "model_architecture": "define_gru_model"
}