{
    "epoch": 1,
    "logs": {
        "loss": 0.6868503093719482,
        "accuracy": 0.19207452237606049,
        "weighted_accuracy": 0.434293270111084,
        "val_loss": 0.6212054491043091,
        "val_accuracy": 0.2180200219154358,
        "val_weighted_accuracy": 0.48407015204429626
    },
    "time": "2024-06-05 06:44:52",
    "model_architecture": "define_gru_model"
}