{
    "epoch": 11,
    "logs": {
        "loss": 0.5460347533226013,
        "accuracy": 0.22789210081100464,
        "weighted_accuracy": 0.5152791738510132,
        "val_loss": 0.5439876914024353,
        "val_accuracy": 0.23648498952388763,
        "val_weighted_accuracy": 0.525067925453186
    },
    "time": "2024-06-05 07:02:31",
    "model_architecture": "define_gru_model"
}