{
    "epoch": 5,
    "logs": {
        "loss": 0.6282990574836731,
        "accuracy": 0.2076195776462555,
        "weighted_accuracy": 0.46944165229797363,
        "val_loss": 0.6203548908233643,
        "val_accuracy": 0.2196885496377945,
        "val_weighted_accuracy": 0.4906832277774811
    },
    "time": "2024-06-05 06:14:38",
    "model_architecture": "define_gru_model"
}