{
    "epoch": 3,
    "logs": {
        "loss": 0.9269919991493225,
        "accuracy": 0.1676167994737625,
        "weighted_accuracy": 0.3789927065372467,
        "val_loss": 0.9006130695343018,
        "val_accuracy": 0.17063403129577637,
        "val_weighted_accuracy": 0.3811179995536804
    },
    "time": "2024-06-05 06:08:16",
    "model_architecture": "define_gru_model"
}