{
    "epoch": 4,
    "logs": {
        "loss": 0.5337507128715515,
        "accuracy": 0.2251807600259781,
        "weighted_accuracy": 0.5153048038482666,
        "val_loss": 0.524942934513092,
        "val_accuracy": 0.22447162866592407,
        "val_weighted_accuracy": 0.515848696231842
    },
    "time": "2024-06-05 17:53:25",
    "model_architecture": "define_gru_model"
}