{
    "epoch": 2,
    "logs": {
        "loss": 0.5819739103317261,
        "accuracy": 0.21857619285583496,
        "weighted_accuracy": 0.4942152798175812,
        "val_loss": 0.5841318964958191,
        "val_accuracy": 0.22252503037452698,
        "val_weighted_accuracy": 0.49652519822120667
    },
    "time": "2024-06-05 07:18:39",
    "model_architecture": "define_gru_model"
}