{
    "epoch": 1,
    "logs": {
        "loss": 0.8163307309150696,
        "accuracy": 0.1818409413099289,
        "weighted_accuracy": 0.41061997413635254,
        "val_loss": 0.6819235682487488,
        "val_accuracy": 0.20300333201885223,
        "val_weighted_accuracy": 0.45072856545448303
    },
    "time": "2024-06-05 06:45:49",
    "model_architecture": "define_gru_model"
}