{
    "epoch": 2,
    "logs": {
        "loss": 0.5662762522697449,
        "accuracy": 0.2215656340122223,
        "weighted_accuracy": 0.5009745955467224,
        "val_loss": 0.5598779320716858,
        "val_accuracy": 0.2260289192199707,
        "val_weighted_accuracy": 0.5043435096740723
    },
    "time": "2024-06-05 07:17:58",
    "model_architecture": "define_gru_model"
}