{
    "epoch": 8,
    "logs": {
        "loss": 0.601127564907074,
        "accuracy": 0.21626807749271393,
        "weighted_accuracy": 0.4889964759349823,
        "val_loss": 0.5928254723548889,
        "val_accuracy": 0.22719688713550568,
        "val_weighted_accuracy": 0.507453441619873
    },
    "time": "2024-06-05 06:20:53",
    "model_architecture": "define_gru_model"
}