{
    "epoch": 6,
    "logs": {
        "loss": 0.5806735754013062,
        "accuracy": 0.22176028788089752,
        "weighted_accuracy": 0.5014147162437439,
        "val_loss": 0.5740299820899963,
        "val_accuracy": 0.22775305807590485,
        "val_weighted_accuracy": 0.5056804418563843
    },
    "time": "2024-06-05 06:54:09",
    "model_architecture": "define_gru_model"
}