{
    "epoch": 12,
    "logs": {
        "loss": 0.49679023027420044,
        "accuracy": 0.23923803865909576,
        "weighted_accuracy": 0.5409330725669861,
        "val_loss": 0.511814534664154,
        "val_accuracy": 0.23998887836933136,
        "val_weighted_accuracy": 0.5354926586151123
    },
    "time": "2024-06-05 07:29:39",
    "model_architecture": "define_gru_model"
}