{
    "epoch": 5,
    "logs": {
        "loss": 0.6239070892333984,
        "accuracy": 0.208022803068161,
        "weighted_accuracy": 0.470353364944458,
        "val_loss": 0.6336804628372192,
        "val_accuracy": 0.21240267157554626,
        "val_weighted_accuracy": 0.4739389419555664
    },
    "time": "2024-06-05 07:23:19",
    "model_architecture": "define_gru_model"
}