{
    "epoch": 17,
    "logs": {
        "loss": 0.6530440449714661,
        "accuracy": 0.19456340372562408,
        "weighted_accuracy": 0.4399207830429077,
        "val_loss": 0.6607944369316101,
        "val_accuracy": 0.19810901582241058,
        "val_weighted_accuracy": 0.4398616850376129
    },
    "time": "2024-06-05 07:02:27",
    "model_architecture": "define_gru_model"
}