{
    "epoch": 1,
    "logs": {
        "loss": 1.1348309516906738,
        "accuracy": 0.10513070225715637,
        "weighted_accuracy": 0.2375503033399582,
        "val_loss": 1.0793954133987427,
        "val_accuracy": 0.12825360894203186,
        "val_weighted_accuracy": 0.28645962476730347
    },
    "time": "2024-06-05 06:05:32",
    "model_architecture": "define_gru_model"
}