{
    "epoch": 3,
    "logs": {
        "loss": 1.1521289348602295,
        "accuracy": 0.110560342669487,
        "weighted_accuracy": 0.24902912974357605,
        "val_loss": 1.2058067321777344,
        "val_accuracy": 0.13060344755649567,
        "val_weighted_accuracy": 0.27645984292030334
    },
    "time": "2024-06-06 02:05:41",
    "model_architecture": "define_gru_model"
}