{
    "epoch": 4,
    "logs": {
        "loss": 0.5333041548728943,
        "accuracy": 0.22956062853336334,
        "weighted_accuracy": 0.5190517902374268,
        "val_loss": 0.5306634902954102,
        "val_accuracy": 0.23459398746490479,
        "val_weighted_accuracy": 0.523975133895874
    },
    "time": "2024-06-05 06:19:15",
    "model_architecture": "define_gru_model"
}