{
    "epoch": 2,
    "logs": {
        "loss": 0.6057121753692627,
        "accuracy": 0.21019187569618225,
        "weighted_accuracy": 0.4752577841281891,
        "val_loss": 0.5999174118041992,
        "val_accuracy": 0.21929922699928284,
        "val_weighted_accuracy": 0.486910343170166
    },
    "time": "2024-06-05 06:45:49",
    "model_architecture": "define_gru_model"
}