{
    "epoch": 12,
    "logs": {
        "loss": 0.6304351091384888,
        "accuracy": 0.20300333201885223,
        "weighted_accuracy": 0.4590040147304535,
        "val_loss": 0.6467563509941101,
        "val_accuracy": 0.20951056480407715,
        "val_weighted_accuracy": 0.4674857258796692
    },
    "time": "2024-06-05 07:32:14",
    "model_architecture": "define_gru_model"
}