{
    "epoch": 1,
    "logs": {
        "loss": 0.638949990272522,
        "accuracy": 0.20564515888690948,
        "weighted_accuracy": 0.4647887349128723,
        "val_loss": 0.5878738164901733,
        "val_accuracy": 0.21902114152908325,
        "val_weighted_accuracy": 0.48870688676834106
    },
    "time": "2024-06-05 07:16:59",
    "model_architecture": "define_gru_model"
}