{
    "epoch": 9,
    "logs": {
        "loss": 0.7209216952323914,
        "accuracy": 0.1912541687488556,
        "weighted_accuracy": 0.43243837356567383,
        "val_loss": 0.717143714427948,
        "val_accuracy": 0.1979977786540985,
        "val_weighted_accuracy": 0.4422360360622406
    },
    "time": "2024-06-05 06:14:56",
    "model_architecture": "define_gru_model"
}