{
    "epoch": 14,
    "logs": {
        "loss": 1.0239696502685547,
        "accuracy": 0.16038654744625092,
        "weighted_accuracy": 0.36264461278915405,
        "val_loss": 1.0308551788330078,
        "val_accuracy": 0.1676863133907318,
        "val_weighted_accuracy": 0.37416231632232666
    },
    "time": "2024-06-05 07:28:38",
    "model_architecture": "define_gru_model"
}