{
    "epoch": 15,
    "logs": {
        "loss": 1.016898274421692,
        "accuracy": 0.16070634126663208,
        "weighted_accuracy": 0.3633677065372467,
        "val_loss": 1.023911476135254,
        "val_accuracy": 0.16785317659378052,
        "val_weighted_accuracy": 0.37453463673591614
    },
    "time": "2024-06-05 07:29:39",
    "model_architecture": "define_gru_model"
}