{
    "epoch": 10,
    "logs": {
        "loss": 0.5165256261825562,
        "accuracy": 0.22860121726989746,
        "weighted_accuracy": 0.5231322646141052,
        "val_loss": 0.5078649520874023,
        "val_accuracy": 0.23092325031757355,
        "val_weighted_accuracy": 0.5306748747825623
    },
    "time": "2024-06-05 17:59:40",
    "model_architecture": "define_gru_model"
}