{
    "epoch": 11,
    "logs": {
        "loss": 0.7001844644546509,
        "accuracy": 0.1931312531232834,
        "weighted_accuracy": 0.4366825819015503,
        "val_loss": 0.6996962428092957,
        "val_accuracy": 0.20005561411380768,
        "val_weighted_accuracy": 0.4468322992324829
    },
    "time": "2024-06-05 06:16:32",
    "model_architecture": "define_gru_model"
}