{
    "epoch": 3,
    "logs": {
        "loss": 0.6587475538253784,
        "accuracy": 0.19777530431747437,
        "weighted_accuracy": 0.44718310236930847,
        "val_loss": 0.6500956416130066,
        "val_accuracy": 0.20216907560825348,
        "val_weighted_accuracy": 0.4515528082847595
    },
    "time": "2024-06-05 06:11:12",
    "model_architecture": "define_gru_model"
}