{
    "epoch": 2,
    "logs": {
        "loss": 0.6504573225975037,
        "accuracy": 0.20803670585155487,
        "weighted_accuracy": 0.470384806394577,
        "val_loss": 0.6266106367111206,
        "val_accuracy": 0.21929922699928284,
        "val_weighted_accuracy": 0.486910343170166
    },
    "time": "2024-06-05 06:47:36",
    "model_architecture": "define_gru_model"
}