{
    "epoch": 3,
    "logs": {
        "loss": 1.1845958232879639,
        "accuracy": 0.13088153302669525,
        "weighted_accuracy": 0.2959318459033966,
        "val_loss": 1.1940253973007202,
        "val_accuracy": 0.13431590795516968,
        "val_weighted_accuracy": 0.29970216751098633
    },
    "time": "2024-06-05 07:18:29",
    "model_architecture": "define_gru_model"
}