{
    "epoch": 8,
    "logs": {
        "loss": 0.5630512833595276,
        "accuracy": 0.22430478036403656,
        "weighted_accuracy": 0.5071679949760437,
        "val_loss": 0.558698832988739,
        "val_accuracy": 0.23075640201568604,
        "val_weighted_accuracy": 0.5123487114906311
    },
    "time": "2024-06-05 06:57:50",
    "model_architecture": "define_gru_model"
}