{
    "epoch": 2,
    "logs": {
        "loss": 0.5557277202606201,
        "accuracy": 0.22447162866592407,
        "weighted_accuracy": 0.5075452923774719,
        "val_loss": 0.5472061038017273,
        "val_accuracy": 0.23209121823310852,
        "val_weighted_accuracy": 0.518385112285614
    },
    "time": "2024-06-05 06:12:48",
    "model_architecture": "define_gru_model"
}