{
    "epoch": 49,
    "logs": {
        "loss": 0.6219457983970642,
        "accuracy": 0.20824527740478516,
        "weighted_accuracy": 0.4708563983440399,
        "val_loss": 0.6271457076072693,
        "val_accuracy": 0.20845383405685425,
        "val_weighted_accuracy": 0.4651278257369995
    },
    "time": "2024-06-05 08:19:09",
    "model_architecture": "define_gru_model"
}