{
    "epoch": 8,
    "logs": {
        "loss": 0.5083521604537964,
        "accuracy": 0.2362208068370819,
        "weighted_accuracy": 0.5341109037399292,
        "val_loss": 0.5229499936103821,
        "val_accuracy": 0.23487207293510437,
        "val_weighted_accuracy": 0.524075448513031
    },
    "time": "2024-06-05 07:24:08",
    "model_architecture": "define_gru_model"
}