{
    "epoch": 4,
    "logs": {
        "loss": 0.6457870006561279,
        "accuracy": 0.2012374848127365,
        "weighted_accuracy": 0.4550113081932068,
        "val_loss": 0.7075572609901428,
        "val_accuracy": 0.20072302222251892,
        "val_weighted_accuracy": 0.4456655979156494
    },
    "time": "2024-06-05 06:48:17",
    "model_architecture": "define_gru_model"
}