{
    "epoch": 6,
    "logs": {
        "loss": 1.15744149684906,
        "accuracy": 0.1494855433702469,
        "weighted_accuracy": 0.3379967212677002,
        "val_loss": 1.1646517515182495,
        "val_accuracy": 0.15428254008293152,
        "val_weighted_accuracy": 0.34425416588783264
    },
    "time": "2024-06-05 07:21:49",
    "model_architecture": "define_gru_model"
}