{
    "epoch": 4,
    "logs": {
        "loss": 0.8636201024055481,
        "accuracy": 0.170689657330513,
        "weighted_accuracy": 0.38594064116477966,
        "val_loss": 0.8382250666618347,
        "val_accuracy": 0.1726362556219101,
        "val_weighted_accuracy": 0.3855900764465332
    },
    "time": "2024-06-05 06:09:03",
    "model_architecture": "define_gru_model"
}