{
    "epoch": 2,
    "logs": {
        "loss": 1.000095248222351,
        "accuracy": 0.14489710330963135,
        "weighted_accuracy": 0.3276219964027405,
        "val_loss": 0.9652729630470276,
        "val_accuracy": 0.16718576848506927,
        "val_weighted_accuracy": 0.37341615557670593
    },
    "time": "2024-06-05 06:06:43",
    "model_architecture": "define_gru_model"
}