{
    "epoch": 8,
    "logs": {
        "loss": 0.595717191696167,
        "accuracy": 0.21788793802261353,
        "weighted_accuracy": 0.4907766878604889,
        "val_loss": 0.6442911028862,
        "val_accuracy": 0.22887931764125824,
        "val_weighted_accuracy": 0.4844890534877777
    },
    "time": "2024-06-06 03:08:10",
    "model_architecture": "define_gru_model"
}