{
    "epoch": 1,
    "logs": {
        "loss": 1.0201377868652344,
        "accuracy": 0.13879311084747314,
        "weighted_accuracy": 0.3109223246574402,
        "val_loss": 0.9241595268249512,
        "val_accuracy": 0.18706896901130676,
        "val_weighted_accuracy": 0.3959853947162628
    },
    "time": "2024-06-06 03:07:02",
    "model_architecture": "define_gru_model"
}