{
    "epoch": 10,
    "logs": {
        "loss": 0.575122058391571,
        "accuracy": 0.22187499701976776,
        "weighted_accuracy": 0.4997572898864746,
        "val_loss": 0.62791508436203,
        "val_accuracy": 0.23749999701976776,
        "val_weighted_accuracy": 0.5027372241020203
    },
    "time": "2024-06-06 03:08:31",
    "model_architecture": "define_gru_model"
}