{
    "epoch": 6,
    "logs": {
        "loss": 0.6253448724746704,
        "accuracy": 0.2053879350423813,
        "weighted_accuracy": 0.4626213610172272,
        "val_loss": 0.6676856875419617,
        "val_accuracy": 0.2237069010734558,
        "val_weighted_accuracy": 0.47354015707969666
    },
    "time": "2024-06-06 03:07:50",
    "model_architecture": "define_gru_model"
}