{
    "epoch": 7,
    "logs": {
        "loss": 0.60673588514328,
        "accuracy": 0.21217672526836395,
        "weighted_accuracy": 0.47791263461112976,
        "val_loss": 0.663245439529419,
        "val_accuracy": 0.2271551787853241,
        "val_weighted_accuracy": 0.48083940148353577
    },
    "time": "2024-06-06 03:08:00",
    "model_architecture": "define_gru_model"
}