{
    "epoch": 3,
    "logs": {
        "loss": 0.7048478722572327,
        "accuracy": 0.19181033968925476,
        "weighted_accuracy": 0.4320388436317444,
        "val_loss": 0.7300540208816528,
        "val_accuracy": 0.20862068235874176,
        "val_weighted_accuracy": 0.4416058361530304
    },
    "time": "2024-06-06 03:07:21",
    "model_architecture": "define_gru_model"
}