{
    "epoch": 1,
    "logs": {
        "loss": 0.8852885365486145,
        "accuracy": 0.09471982717514038,
        "weighted_accuracy": 0.2101941704750061,
        "val_loss": 0.8841916918754578,
        "val_accuracy": 0.13534483313560486,
        "val_weighted_accuracy": 0.2864963412284851
    },
    "time": "20240606034031",
    "model_architecture": "define_gpt_model",
    "batch_size": 33,
    "epochs": 1,
    "learning_rate": 0.009600582285981556,
    "embedding_dim": 122,
    "gru_units": null,
    "dropout_rate": 0.2284222718646083,
    "recurrent_dropout_rate": null,
    "num_layers": null
}