{
    "epoch": 3,
    "logs": {
        "loss": 0.685339093208313,
        "accuracy": 0.15452586114406586,
        "weighted_accuracy": 0.3480582535266876,
        "val_loss": 0.7052591443061829,
        "val_accuracy": 0.18663793802261353,
        "val_weighted_accuracy": 0.3950729966163635
    },
    "time": "2024-06-06 02:57:15",
    "model_architecture": "define_gpt_model"
}