{
    "epoch": 1,
    "logs": {
        "loss": 0.8324362635612488,
        "accuracy": 0.1260775923728943,
        "weighted_accuracy": 0.2837378680706024,
        "val_loss": 0.8094807863235474,
        "val_accuracy": 0.1551724076271057,
        "val_weighted_accuracy": 0.32846716046333313
    },
    "time": "2024-06-06 02:57:07",
    "model_architecture": "define_gpt_model"
}