{
    "epoch": 1,
    "logs": {
        "loss": 0.8750544190406799,
        "accuracy": 0.11217672377824783,
        "weighted_accuracy": 0.25266990065574646,
        "val_loss": 0.8645879626274109,
        "val_accuracy": 0.12413793057203293,
        "val_weighted_accuracy": 0.262773722410202
    },
    "time": "20240606040825",
    "model_architecture": "define_gpt_model",
    "batch_size": 41,
    "epochs": 1,
    "learning_rate": 0.007573340778672797,
    "embedding_dim": 130,
    "gru_units": null,
    "dropout_rate": 0.2160146183522445,
    "recurrent_dropout_rate": null,
    "num_layers": null
}