{
    "epoch": 1,
    "logs": {
        "loss": 0.8594853281974792,
        "accuracy": 0.09418103098869324,
        "weighted_accuracy": 0.2121359258890152,
        "val_loss": 0.8573857545852661,
        "val_accuracy": 0.1034482792019844,
        "val_weighted_accuracy": 0.21897810697555542
    },
    "time": "2024-06-06 01:50:52",
    "model_architecture": "define_gpt_model"
}