{
    "epoch": 2,
    "logs": {
        "loss": 0.7672993540763855,
        "accuracy": 0.16176307201385498,
        "weighted_accuracy": 0.3657570481300354,
        "val_loss": 0.7601172924041748,
        "val_accuracy": 0.16440489888191223,
        "val_weighted_accuracy": 0.36775317788124084
    },
    "time": "2024-06-05 08:59:19",
    "model_architecture": "define_gpt_model"
}