{
    "epoch": 4,
    "logs": {
        "loss": 0.7413919568061829,
        "accuracy": 0.10977474600076675,
        "weighted_accuracy": 0.24820800125598907,
        "val_loss": 0.7491405606269836,
        "val_accuracy": 0.11145717650651932,
        "val_weighted_accuracy": 0.2493157535791397
    },
    "time": "2024-06-05 09:13:15",
    "model_architecture": "define_gpt_model"
}