{
    "epoch": 10,
    "logs": {
        "loss": 0.6678192019462585,
        "accuracy": 0.16872914135456085,
        "weighted_accuracy": 0.3815077841281891,
        "val_loss": 0.6740573644638062,
        "val_accuracy": 0.1730812042951584,
        "val_weighted_accuracy": 0.387160986661911
    },
    "time": "2024-06-05 09:14:30",
    "model_architecture": "define_gpt_model"
}