{
    "epoch": 1,
    "logs": {
        "loss": 0.6902222037315369,
        "accuracy": 0.15812014043331146,
        "weighted_accuracy": 0.35752013325691223,
        "val_loss": 0.6420235633850098,
        "val_accuracy": 0.17119021713733673,
        "val_weighted_accuracy": 0.38293108344078064
    },
    "time": "2024-06-05 09:00:00",
    "model_architecture": "define_gpt_model"
}