{
    "epoch": 1,
    "logs": {
        "loss": 0.8588258028030396,
        "accuracy": 0.14568965137004852,
        "weighted_accuracy": 0.32740190625190735,
        "val_loss": 0.7912492156028748,
        "val_accuracy": 0.1601223647594452,
        "val_weighted_accuracy": 0.358173668384552
    },
    "time": "2024-06-05 08:57:26",
    "model_architecture": "define_gpt_model"
}