{
    "epoch": 1,
    "logs": {
        "loss": 0.8728969097137451,
        "accuracy": 0.12392241507768631,
        "weighted_accuracy": 0.26189321279525757,
        "val_loss": 0.8608737587928772,
        "val_accuracy": 0.15948276221752167,
        "val_weighted_accuracy": 0.3375912308692932
    },
    "time": "2024-06-06 02:11:17",
    "model_architecture": "define_gpt_model"
}