{
    "epoch": 32,
    "logs": {
        "loss": 0.6119016408920288,
        "accuracy": 0.1775723099708557,
        "weighted_accuracy": 0.4015027582645416,
        "val_loss": 0.6233638525009155,
        "val_accuracy": 0.1780867576599121,
        "val_weighted_accuracy": 0.3983578085899353
    },
    "time": "2024-06-05 09:53:54",
    "model_architecture": "define_gpt_model"
}