{
    "epoch": 27,
    "logs": {
        "loss": 0.616416871547699,
        "accuracy": 0.17766962945461273,
        "weighted_accuracy": 0.40172284841537476,
        "val_loss": 0.624931812286377,
        "val_accuracy": 0.179143488407135,
        "val_weighted_accuracy": 0.40072157979011536
    },
    "time": "2024-06-05 09:45:14",
    "model_architecture": "define_gpt_model"
}