{
    "epoch": 6,
    "logs": {
        "loss": 0.6891160607337952,
        "accuracy": 0.16808953881263733,
        "weighted_accuracy": 0.38006162643432617,
        "val_loss": 0.6950050592422485,
        "val_accuracy": 0.16991101205348969,
        "val_weighted_accuracy": 0.38006967306137085
    },
    "time": "2024-06-05 09:07:44",
    "model_architecture": "define_gpt_model"
}