{
    "epoch": 1,
    "logs": {
        "loss": 0.9055193662643433,
        "accuracy": 0.08997844904661179,
        "weighted_accuracy": 0.2026699036359787,
        "val_loss": 0.8923704028129578,
        "val_accuracy": 0.08706896752119064,
        "val_weighted_accuracy": 0.1843065619468689
    },
    "time": "20240606040814",
    "model_architecture": "define_gpt_model",
    "batch_size": 48,
    "epochs": 1,
    "learning_rate": 0.006101515355851384,
    "embedding_dim": 128,
    "gru_units": null,
    "dropout_rate": 0.24254975524085762,
    "recurrent_dropout_rate": null,
    "num_layers": null
}