{
    "epoch": 2,
    "logs": {
        "loss": 0.8162328004837036,
        "accuracy": 0.09385775774717331,
        "weighted_accuracy": 0.21140776574611664,
        "val_loss": 0.8568682074546814,
        "val_accuracy": 0.1142241358757019,
        "val_weighted_accuracy": 0.2417883276939392
    },
    "time": "2024-06-06 03:01:01",
    "model_architecture": "define_gpt_model"
}