{
    "epoch": 1,
    "logs": {
        "loss": 0.9372999668121338,
        "accuracy": 0.08071120828390121,
        "weighted_accuracy": 0.1817961186170578,
        "val_loss": 0.8912076950073242,
        "val_accuracy": 0.08793103694915771,
        "val_weighted_accuracy": 0.18613138794898987
    },
    "time": "2024-06-06 03:00:47",
    "model_architecture": "define_gpt_model"
}