{
    "epoch": 1,
    "logs": {
        "loss": 0.9049984812736511,
        "accuracy": 0.09461206942796707,
        "weighted_accuracy": 0.21310679614543915,
        "val_loss": 0.8580131530761719,
        "val_accuracy": 0.13750000298023224,
        "val_weighted_accuracy": 0.29105839133262634
    },
    "time": "20240606033913",
    "model_architecture": "define_gpt_model",
    "batch_size": 37,
    "epochs": 1,
    "learning_rate": 0.009576151944586752,
    "embedding_dim": 121,
    "gru_units": null,
    "dropout_rate": 0.2261910026814527,
    "recurrent_dropout_rate": null,
    "num_layers": null
}