{
    "epoch": 2,
    "logs": {
        "loss": 1.5741485357284546,
        "accuracy": 0.38940614461898804,
        "val_loss": 1.5553408861160278,
        "val_accuracy": 0.38948848843574524
    },
    "time": "2024-06-04 05:45:05",
    "model_architecture": "define_gru_model"
}