{
    "epoch": 1,
    "logs": {
        "loss": 1.6932005882263184,
        "accuracy": 0.3886926770210266,
        "val_loss": 1.6003700494766235,
        "val_accuracy": 0.38948848843574524
    },
    "time": "2024-06-04 05:44:06",
    "model_architecture": "define_gru_model"
}