{
    "epoch": 4,
    "logs": {
        "loss": 1.543716549873352,
        "accuracy": 0.3890267312526703,
        "val_loss": 1.5408697128295898,
        "val_accuracy": 0.38950425386428833
    },
    "time": "2024-06-04 05:47:11",
    "model_architecture": "define_gru_model"
}