{
    "epoch": 3,
    "logs": {
        "loss": 1.5507394075393677,
        "accuracy": 0.3890365958213806,
        "val_loss": 1.5443775653839111,
        "val_accuracy": 0.38950425386428833
    },
    "time": "2024-06-04 05:46:07",
    "model_architecture": "define_gru_model"
}