{
    "epoch": 1,
    "logs": {
        "loss": 0.8652029633522034,
        "accuracy": 0.11454741656780243,
        "weighted_accuracy": 0.2580097019672394,
        "val_loss": 0.8142392635345459,
        "val_accuracy": 0.15301723778247833,
        "val_weighted_accuracy": 0.3239051103591919
    },
    "time": "20240606043622",
    "model_architecture": "define_gpt_model",
    "batch_size": 59,
    "epochs": 1,
    "learning_rate": 0.0030823720850794534,
    "embedding_dim": 147,
    "gru_units": null,
    "dropout_rate": 0.2664239203694212,
    "recurrent_dropout_rate": null,
    "num_layers": null
}