{
    "epoch": 4,
    "logs": {
        "loss": 0.859962522983551,
        "accuracy": 0.06939655542373657,
        "weighted_accuracy": 0.15631067752838135,
        "val_loss": 0.9103707075119019,
        "val_accuracy": 0.0625,
        "val_weighted_accuracy": 0.1322992742061615
    },
    "time": "2024-06-06 02:56:31",
    "model_architecture": "define_gpt_model"
}