{
    "epoch": 3,
    "logs": {
        "loss": 0.8626980781555176,
        "accuracy": 0.07262931019067764,
        "weighted_accuracy": 0.16359223425388336,
        "val_loss": 0.911580502986908,
        "val_accuracy": 0.06637930870056152,
        "val_weighted_accuracy": 0.1405109465122223
    },
    "time": "2024-06-06 02:56:27",
    "model_architecture": "define_gpt_model"
}