{
    "epoch": 2,
    "logs": {
        "loss": 0.7695874571800232,
        "accuracy": 0.14719827473163605,
        "weighted_accuracy": 0.3315533995628357,
        "val_loss": 0.8133798837661743,
        "val_accuracy": 0.1612069010734558,
        "val_weighted_accuracy": 0.34124088287353516
    },
    "time": "2024-06-06 03:00:28",
    "model_architecture": "define_gpt_model"
}