{
    "epoch": 3,
    "logs": {
        "loss": 0.7300342917442322,
        "accuracy": 0.14870689809322357,
        "weighted_accuracy": 0.3349514603614807,
        "val_loss": 0.7582487463951111,
        "val_accuracy": 0.16293103992938995,
        "val_weighted_accuracy": 0.3448905050754547
    },
    "time": "2024-06-06 03:00:32",
    "model_architecture": "define_gpt_model"
}