{
    "epoch": 1,
    "logs": {
        "loss": 1.5771617889404297,
        "accuracy": 0.3891209363937378,
        "val_loss": 1.560143232345581,
        "val_accuracy": 0.3898113965988159
    },
    "time": "2024-06-04 04:19:53",
    "model_architecture": "define_gru_model"
}