{
    "epoch": 2,
    "logs": {
        "loss": 1.6293485164642334,
        "accuracy": 0.3896520733833313,
        "val_loss": 1.6058602333068848,
        "val_accuracy": 0.38916003704071045
    },
    "time": "2024-06-03 16:18:47"
}