{
    "epoch": 3,
    "logs": {
        "loss": 1.591244101524353,
        "accuracy": 0.3895702660083771,
        "val_loss": 1.5780655145645142,
        "val_accuracy": 0.38948726654052734
    },
    "time": "2024-06-03 16:23:02"
}