{
    "epoch": 1,
    "logs": {
        "loss": 1.5759748220443726,
        "accuracy": 0.38888922333717346,
        "val_loss": 1.567779541015625,
        "val_accuracy": 0.3891087770462036
    },
    "time": "2024-06-03 16:08:02"
}