{
    "epoch": 2,
    "logs": {
        "loss": 1.5635310411453247,
        "accuracy": 0.3893287777900696,
        "val_loss": 1.5569312572479248,
        "val_accuracy": 0.3894360065460205
    },
    "time": "2024-06-03 16:04:43"
}