{
    "epoch": 1,
    "logs": {
        "loss": 1.5763660669326782,
        "accuracy": 0.3889010548591614,
        "val_loss": 1.5715055465698242,
        "val_accuracy": 0.3893216848373413
    },
    "time": "2024-06-03 16:22:11",
    "model_architecture": "define_gru_model"
}