{
    "epoch": 3,
    "logs": {
        "loss": 1.5634187459945679,
        "accuracy": 0.38902029395103455,
        "val_loss": 1.564200758934021,
        "val_accuracy": 0.3894360065460205
    },
    "time": "2024-06-03 16:05:07"
}