{
    "training_start_time": "20240604_133644",
    "training_duration_minutes": 0.5135813166666667,
    "epochs": 1,
    "batch_size": 128,
    "num_files": 5,
    "learning_rate": 0.01,
    "dataset_size": 1268284,
    "model_size_MB": 0.1177978515625,
    "model_params": 26250,
    "model_architecture": "define_gru_model",
    "training_end_time": "2024-06-04 13:37:15"
}