{
    "training_start_time": "20240604_182623",
    "training_duration_minutes": 13.834196350000001,
    "epochs": 160,
    "batch_size": 1024,
    "num_files": 2400,
    "learning_rate": 0.0005,
    "dataset_size": 31900,
    "model_size_MB": 0.1177978515625,
    "model_params": 26250,
    "model_architecture": "define_gru_model",
    "training_end_time": "2024-06-04 18:40:13"
}